{"cameraMode":{"drawMode":0,"name":"Shaded","section":"Shading Mode"},"sceneLighting":false,"audioPlay":false,"sceneViewState":{"m_AlwaysRefresh":false,"showFog":true,"showSkybox":false,"showFlares":true,"showImageEffects":true,"showParticleSystems":true,"showVisualEffectGraphs":true,"m_FxEnabled":true},"in2DMode":false,"pivot":{"x":0.49013373255729678,"y":-4.839059829711914,"z":-18.405954360961915},"rotation":{"x":-0.005430150777101517,"y":-0.9840101003646851,"z":0.14443719387054444,"w":-0.10593131184577942},"size":0.6489118933677673,"orthographic":false}