{"cameraMode":{"drawMode":0,"name":"Shaded","section":"Shading Mode"},"sceneLighting":false,"audioPlay":false,"sceneViewState":{"m_AlwaysRefresh":false,"showFog":true,"showSkybox":false,"showFlares":true,"showImageEffects":true,"showParticleSystems":true,"showVisualEffectGraphs":true,"m_FxEnabled":true},"in2DMode":false,"pivot":{"x":0.006648540496826172,"y":0.007910966873168946,"z":-0.13449275493621827},"rotation":{"x":-0.016063153743743898,"y":0.026070358231663705,"z":-0.009361227042973042,"w":0.9996781349182129},"size":1.882623553276062,"orthographic":false}