{"cameraMode":{"drawMode":0,"name":"Shaded","section":"Shading Mode"},"sceneLighting":false,"audioPlay":false,"sceneViewState":{"m_AlwaysRefresh":false,"showFog":true,"showSkybox":false,"showFlares":true,"showImageEffects":true,"showParticleSystems":true,"showVisualEffectGraphs":true,"m_FxEnabled":true},"in2DMode":false,"pivot":{"x":-0.19878125190734864,"y":1.951372504234314,"z":-0.13563361763954163},"rotation":{"x":0.025894952937960626,"y":0.6786837577819824,"z":-0.03705797344446182,"w":0.7333647608757019},"size":1.8429077863693238,"orthographic":false}