{"cameraMode":{"drawMode":0,"name":"Shaded","section":"Shading Mode"},"sceneLighting":false,"audioPlay":false,"sceneViewState":{"m_AlwaysRefresh":false,"showFog":true,"showSkybox":false,"showFlares":true,"showImageEffects":true,"showParticleSystems":true,"showVisualEffectGraphs":true,"m_FxEnabled":true},"in2DMode":false,"pivot":{"x":-0.11364065855741501,"y":0.22837324440479279,"z":0.017634272575378419},"rotation":{"x":-0.016063153743743898,"y":0.026070358231663705,"z":-0.009361227042973042,"w":0.9996781349182129},"size":1.6008572578430176,"orthographic":false}