{"cameraMode":{"drawMode":0,"name":"Shaded","section":"Shading Mode"},"sceneLighting":false,"audioPlay":false,"sceneViewState":{"m_AlwaysRefresh":false,"showFog":true,"showSkybox":false,"showFlares":true,"showImageEffects":true,"showParticleSystems":true,"showVisualEffectGraphs":true,"m_FxEnabled":true},"in2DMode":false,"pivot":{"x":0.16406011581420899,"y":-6.577706336975098,"z":7.875809192657471},"rotation":{"x":-0.33336034417152407,"y":0.024651026353240014,"z":0.0017146196914836765,"w":-0.9426664113998413},"size":7.378537178039551,"orthographic":false}