{"cameraMode":{"drawMode":0,"name":"Shaded","section":"Shading Mode"},"sceneLighting":false,"audioPlay":false,"sceneViewState":{"m_AlwaysRefresh":false,"showFog":true,"showSkybox":false,"showFlares":true,"showImageEffects":true,"showParticleSystems":true,"showVisualEffectGraphs":true,"m_FxEnabled":true},"in2DMode":false,"pivot":{"x":-0.12005257606506348,"y":0.19883596897125245,"z":-0.10711479187011719},"rotation":{"x":0.009187625721096993,"y":0.9793700575828552,"z":-0.17089463770389558,"w":0.10952205210924149},"size":2.7262065410614015,"orthographic":false}