{"cameraMode":{"drawMode":0,"name":"Shaded","section":"Shading Mode"},"sceneLighting":false,"audioPlay":false,"sceneViewState":{"m_AlwaysRefresh":false,"showFog":true,"showSkybox":false,"showFlares":true,"showImageEffects":true,"showParticleSystems":true,"showVisualEffectGraphs":true,"m_FxEnabled":true},"in2DMode":false,"pivot":{"x":0.8897561430931091,"y":0.2789054214954376,"z":-2.133345127105713},"rotation":{"x":-0.05627080425620079,"y":0.011520176194608212,"z":0.009294175542891026,"w":-0.9985250234603882},"size":0.00001732051168801263,"orthographic":false}