{"cameraMode":{"drawMode":0,"name":"Shaded","section":"Shading Mode"},"sceneLighting":false,"audioPlay":false,"sceneViewState":{"m_AlwaysRefresh":false,"showFog":true,"showSkybox":false,"showFlares":true,"showImageEffects":true,"showParticleSystems":true,"showVisualEffectGraphs":true,"m_FxEnabled":true},"in2DMode":false,"pivot":{"x":-0.3061544895172119,"y":-0.29691553115844729,"z":-0.0992269515991211},"rotation":{"x":0.015797527506947519,"y":-0.9836276769638062,"z":0.031371377408504489,"w":0.17784662544727326},"size":5.124634742736816,"orthographic":false}