{"cameraMode":{"drawMode":0,"name":"Shaded","section":"Shading Mode"},"sceneLighting":true,"audioPlay":false,"sceneViewState":{"m_AlwaysRefresh":false,"showFog":true,"showSkybox":true,"showFlares":true,"showImageEffects":true,"showParticleSystems":true,"showVisualEffectGraphs":true,"m_FxEnabled":true},"in2DMode":false,"pivot":{"x":-11.62653923034668,"y":5.000415802001953,"z":-3.028125047683716},"rotation":{"x":0.30096161365509035,"y":0.5956363677978516,"z":-0.27224910259246828,"w":0.6935765147209168},"size":-0.00027216176385991275,"orthographic":false}