{"cameraMode":{"drawMode":0,"name":"Shaded","section":"Shading Mode"},"sceneLighting":false,"audioPlay":false,"sceneViewState":{"m_AlwaysRefresh":false,"showFog":true,"showSkybox":false,"showFlares":true,"showImageEffects":true,"showParticleSystems":true,"showVisualEffectGraphs":true,"m_FxEnabled":true},"in2DMode":false,"pivot":{"x":0.014266997575759888,"y":-0.3636530339717865,"z":-0.029218822717666627},"rotation":{"x":-0.23017056286334992,"y":0.18690240383148194,"z":-0.03471991419792175,"w":-0.9546305537223816},"size":0.5714719295501709,"orthographic":false}