{"cameraMode":{"drawMode":0,"name":"Shaded","section":"Shading Mode"},"sceneLighting":false,"audioPlay":false,"sceneViewState":{"m_AlwaysRefresh":false,"showFog":true,"showSkybox":false,"showFlares":true,"showImageEffects":true,"showParticleSystems":true,"showVisualEffectGraphs":true,"m_FxEnabled":true},"in2DMode":false,"pivot":{"x":-1.5972273104125635e-7,"y":0.000011483949492685497,"z":1.3890530681237579e-7},"rotation":{"x":-0.07932806015014649,"y":0.10418836772441864,"z":-0.0015133230481296778,"w":0.9915792346000671},"size":0.002236902015283704,"orthographic":false}