{"cameraMode":{"drawMode":0,"name":"Shaded","section":"Shading Mode"},"sceneLighting":false,"audioPlay":false,"sceneViewState":{"m_AlwaysRefresh":false,"showFog":true,"showSkybox":false,"showFlares":true,"showImageEffects":true,"showParticleSystems":true,"showVisualEffectGraphs":true,"m_FxEnabled":true},"in2DMode":false,"pivot":{"x":-0.005443926900625229,"y":0.0024610317777842285,"z":0.008105986751616001},"rotation":{"x":0.08598954975605011,"y":0.10843823105096817,"z":-0.01928948238492012,"w":0.9903810024261475},"size":0.0040769814513623718,"orthographic":false}