{"cameraMode":{"drawMode":0,"name":"Shaded","section":"Shading Mode"},"sceneLighting":false,"audioPlay":false,"sceneViewState":{"m_AlwaysRefresh":false,"showFog":true,"showSkybox":false,"showFlares":true,"showImageEffects":true,"showParticleSystems":true,"showVisualEffectGraphs":true,"m_FxEnabled":true},"in2DMode":false,"pivot":{"x":3.4490842819213869,"y":0.4757499396800995,"z":-1.1796443462371827},"rotation":{"x":0.014209555462002755,"y":0.7239630222320557,"z":-0.028839468955993654,"w":0.6894358992576599},"size":3.6260154247283937,"orthographic":false}