{"cameraMode":{"drawMode":0,"name":"Shaded","section":"Shading Mode"},"sceneLighting":false,"audioPlay":false,"sceneViewState":{"m_AlwaysRefresh":false,"showFog":true,"showSkybox":false,"showFlares":true,"showImageEffects":true,"showParticleSystems":true,"showVisualEffectGraphs":true,"m_FxEnabled":true},"in2DMode":false,"pivot":{"x":0.013280808925628662,"y":1.5847370624542237,"z":-0.00622636079788208},"rotation":{"x":-0.39334747195243838,"y":0.2244337499141693,"z":0.08848048001527786,"w":0.8873900771141052},"size":1.638295292854309,"orthographic":false}