{"cameraMode":{"drawMode":0,"name":"Shaded","section":"Shading Mode"},"sceneLighting":false,"audioPlay":false,"sceneViewState":{"m_AlwaysRefresh":false,"showFog":true,"showSkybox":false,"showFlares":true,"showImageEffects":true,"showParticleSystems":true,"showVisualEffectGraphs":true,"m_FxEnabled":true},"in2DMode":false,"pivot":{"x":0.34494471549987795,"y":1.1272780895233155,"z":12.564910888671875},"rotation":{"x":-0.0937637910246849,"y":0.008803124539554119,"z":-0.009011989459395409,"w":0.9957082271575928},"size":9.12024974822998,"orthographic":false}